分类名称,新闻字符串
news_game,穿越火线源武器太贵还简化属性
news_sports,对于目前的火箭来说，他们更希望要一个姚明还是麦迪？
news_tech,电视机高压包有什么有趣的应用？
news_travel,寻味天府第一名镇——黄龙溪古镇
news_travel,她说：“圆自己一个飞翔的梦，飞越到千岛湖的上空”
news_agriculture,仔猪价格：2018年5月6日仔猪价格(20至30公斤）行情走势
news_tech,数媒行业未来的发展会是怎样？
news_game,LOL新语音包怎么变成男的了，谁配的音，能自己改回来吗？
news_entertainment,《天龙八部》里，谁才是真正最坏的人？
news_sports,戎马十年，终进西决！
news_game,小米6X是游戏爱好者的福音，价格学生党都买得起！
news_edu,从我做起——“小手拉大手”共建“美丽庭院”
news_game,迷你世界好玩吗？
news_entertainment,“山支大哥”孟美岐最近为什么能怒刷好感？
news_sports,准备拿新星单换？多特加入马夏尔争夺，普利西奇或成筹码！
news_game,《地球末日生存》苹果推荐下载量超百倍，生存沙盒的春天到了？
news_edu,广东文科270分可以报什么学校？
news_story,牛到渡口不上船，三次扯动缰绳也不行，船家看出端倪竟口呼神牛。
news_military,黑鹰主站坦克是俄罗斯哪个年代研制的？
news_entertainment,十二个漫威电影最成功的镜头，每一个都百看不厌
news_culture,当油画和刺绣碰撞在一起，会产生什么样的艺术火花！
news_entertainment,张艺兴 细节检验人品，这大概就是这么多人喜欢你的原因
news_culture,上联：天寒地冻，水无两点不成冰。下联怎么对？
news_culture,国风｜《清平乐·东风薄幸》文-火浴
news_house,物业公司能否以停水断电方式催缴物业费？
news_culture,上联：新根拱裂千年石，如何对下联？
news_finance,查尔斯·道和指数化策略
news_story,男子为让自己变成老虎，将自己整成大脸猫，妻子直接离婚
news_entertainment,范冰冰与范丞丞加盟，《极速前进》新一季敲定，阵容让人难以置信
news_car,网曝石家庄一大学门口豪车放瓶水来搭讪女子
news_world,也门局势现在如何？
news_entertainment,麦迪娜绝美写真曝光 身着薄纱长礼服仙气十足
news_tech,华为这次5G投票输给高通，对华为未来的发展有什么影响？
news_edu,武汉大学和浙江大学，哪个实力更强？
news_tech,柳传志到底是个什么样的人？
news_car,十句话看懂汽车金融市场发展格局
news_culture,「微·阅读」诗词里的五月，原来这么美
news_edu,这些情况入读虎门公办学校需做亲子鉴定
news_military,美国军方那么强势，为什么没有军事政变发生？
news_finance,现在有一个4000亿美元的市场，但敢触及的人却寥寥无几！
news_game,英雄联盟MSI，RNG打KZ，大家觉得在BP环节应该怎么做才不会吃亏？
news_agriculture,大舅花8万元买台拖拉机，国家农机补贴24000元，忙时日收入能上千
news_entertainment,成熟大方又妩媚 宋佳简装离京低调也能玩出花
news_entertainment,鹿晗帅还是黄子韬帅？
news_sports,争亚冠靠不放弃？鲁能一顽疾再显 上赛季因此功亏一篑
news_culture,上联：一杯清茶请明月，如何对下联？
news_military,美称一导弹可拦截东风21D，中国笑称那就试试看
news_game,嗨道奇：道奇变身成为超人，要保卫世界和平，佩服啊
news_sports,纸老虎！上港最大软肋已被对手发现，被吐槽实力不如两年前
news_edu,很苦恼，我药剂专业，上不了大专，就是中专升大专，但专升本有药学专业，该如何抉择？
news_tech,东旭集团2017年品牌价值跃升至179.5亿
news_agriculture,以前交新农保一年交100元，我现在可以改交成一年交2000元
news_entertainment,杨颖：一袭抹胸粉色裙，简直元气满满啊，十足的仙女风
news_game,北大开游戏课引热议 教室人满为患还有学生搬凳旁听
news_tech,联通又推出全新互联网套餐
news_car,国内每年900多万辆报废车，最后都是怎么处理的？
news_tech,余额宝存了100万，芝麻信用分达到了850分！你们信吗？
news_entertainment,安以轩出席某活动，网友：很漂亮的一双高跟鞋！
news_house,前4月碧桂园销售继续领跑，一二线城市土储降回50%以内
news_game,用《权利的游戏》解读《复联3》，突然明白结局的意思了！
news_culture,《平凡的世界》有什么伟大之处？
news_travel,日本哪里还有萤火虫？
news_agriculture,农村老话常说“狗无八年，鸡无六载”，讲是什么？
news_military,从印度现役战机的情况来看，他们还会买苏35吗？
news_travel,看完这场show后，99%的人都想马上去旅行
news_travel,忘不掉一个一定要忘记的人怎么办？
news_car,看完这位马自达昂克赛拉车主真实爆料，你还敢买吗？
news_edu,现在学什么专业好？
news_edu,请问618分理科四川考生能上那些大学？
news_travel,上海还有一个漂亮的画村，去过了还想再去一次
news_finance,「新时代 新白云 新产业」白云信息技术产业厚积待薄发
news_tech,根据国际组织的预测，2018年中国的国内零售市场份额将超过美国，这意味着什么？
news_military,服役军人需要交新农合吗？
news_house,中国未来5年发展前景好的二线城市有哪些？
news_edu,2018上海国际STEM科教产品博览会跨界融合搭建创新培育平台
news_house,石家庄的小产权房未来前景怎么样？
news_sports,田园风！马特-邦纳晒全家福庆祝母亲节
news_house,在北京做了房屋抵押贷款，抵押完的房产还可以正常居住吗？
news_travel,武汉东湖美景
news_military,柬埔寨终于有能力拆除美国空投的化学武器
news_travel,编辑实拍｜巴厘岛婚纱照多少钱
news_entertainment,唐嫣张天爱同框，相差7岁却看不出年纪差，张天爱输得一塌糊涂？
news_tech,科学家发现时间根本不存在，它只是人类记忆功能所产生的一种错觉，是这样吗？
news_game,我的世界钻石大陆击败凋零拿到的神奇宝剑
news_finance,亚太金业：黄金短线反弹无力，行情回归震荡
news_game,王者荣耀马克波罗打野怎么出装克制阿轲打野？
news_house,现在的房地产行业饱和了吗，房子是剩余还是紧缺？
news_edu,这所学校教师节福利：每人二斤豆腐
news_culture,美玉“开花”，艳而不俗！
news_edu,高考冲刺！高考倒计时一个月 考生们怎么备考？（上）
news_tech,Mate 10支持无线充电吗？
news_tech,科技发明：这3样东西价格便宜，但是却很值钱，科技含量相当高！
news_tech,手机OTG功能没用过？赶紧试试，原来这么多年手机白用了
news_game,《守望先锋》全新慈善皮肤粉红天使上线，这波操作你怎么看？
news_sports,2012年易建联离开NBA，他离开的真正原因是什么？
news_sports,保罗神级表现带队闯进西决，这十三年他经历了什么？
news_entertainment,入了《上海女子图鉴》这个坑，这部剧还带出了马伊琍最好闺蜜
news_tech,哪些互联网的项目比较好？
news_entertainment,董洁代言女装吸金，网友：到底赚了多少钱？笑得法令纹都出来了！
news_military,海南农民无意发现宝贝，美国各城市展出，加速二战日本战败
